{"World":{"Entities":[{"EntityId":1,"EntityName":"box2","TransformComponent":[[100.000000,0.000000,0.000000,0.000000],[0.000000,1.000000,0.000000,0.000000],[0.000000,0.000000,100.000000,0.000000],[0.000000,0.000000,0.000000,1.000000]]},{"EntityId":0,"EntityName":"box1","TransformComponent":[[1.000000,0.000000,0.000000,0.000000],[0.000000,1.000000,0.000000,0.000000],[0.000000,0.000000,1.000000,0.000000],[0.000000,0.000000,0.000000,1.000000]]}]}}